{

  "genInfo": {

    "inFrmPth": "./data/22062.jpg",

    "outCamMatPth": "./data/calibration.txt",

    "outCalDispPth": "./data/calibration.jpg",

    "outCalDispFlg": 1,

    "rszFrmHei": -1
  },

  "camCal": {

    "calSel2dPtFlg": -1,

    "cal2dPtLs": [
      [ 81   , 869 ],
      [ 1818 , 896 ],
      [ 1186 , 129 ],
      [ 721  , 142 ],
      [ 934  , 263 ],
      [ 947  , 177],
      [ 812  , 170],
      [ 1079 , 156],
      [ 476  , 301 ],
      [ 44   , 438],
      [ 781  , 493],
      [ 1868 , 504],
      [ 853  , 825]
    ],

    "cal3dPtLs": [
      [112.8663184, 28.11172716],
      [112.8663909, 28.11182066],
      [112.8656145, 28.11218432],
      [112.8655481, 28.11207406],
      [112.8659459, 28.11195882],
      [112.8657446, 28.11205328],
      [112.8656871, 28.11204425],
      [112.8656943, 28.11211216],
      [112.8659625, 28.11187070],
      [112.8660982, 28.11177211],
      [112.8661885, 28.11183052],
      [112.8662608, 28.11192288],
      [112.8663366, 28.11177562]
    ],

    "calTyp": -1,

    "calRansacReprojThld": 100.0,

    "calDispGrdDim": [ 10, 10 ],

    "calDistFlg": 1,

    "calDistCoeff": [ 0.0, 0.0, 0.0, 0.0 ],

    "calFocLen": [3000.7135582,3001.48078671759 ],

    "calPrinPt": [950.279227631519, 554.313641405489 ]
  }
}
